threshold,precision,yawn_recall,non_yawn_specificity,f1,balanced_accuracy,tp,fp,tn,fn
0.01,0.11728395061728394,1.0,0.11317829457364341,0.20994475138121543,0.5565891472868217,304,2288,292,0
0.015,0.13056636402939906,0.993421052631579,0.22054263565891472,0.23079862437906,0.6069818441452468,302,2011,569,2
0.019999999999999997,0.1500750375187594,0.9868421052631579,0.34147286821705425,0.2605297438124186,0.6641574867401061,300,1699,881,4
0.024999999999999998,0.17195614541257934,0.9802631578947368,0.4437984496124031,0.29258713794796265,0.71203080375357,298,1435,1145,6
0.03,0.19879919946631086,0.9802631578947368,0.5344961240310078,0.33056017748197447,0.7573796409628724,298,1201,1379,6
0.034999999999999996,0.22741194486983154,0.9769736842105263,0.6089147286821706,0.368944099378882,0.7929442064463484,297,1009,1571,7
0.039999999999999994,0.25741710296684117,0.9703947368421053,0.67015503875969,0.40689655172413797,0.8202748878008976,295,851,1729,9
0.045,0.28488372093023256,0.9671052631578947,0.713953488372093,0.44011976047904194,0.8405293757649939,294,738,1842,10
0.049999999999999996,0.31917211328976036,0.9638157894736842,0.7577519379844961,0.4795417348608838,0.8607838637290901,293,625,1955,11
0.05499999999999999,0.3573170731707317,0.9638157894736842,0.7957364341085271,0.5213523131672597,0.8797761117911056,293,527,2053,11
0.05999999999999999,0.382699868938401,0.9605263157894737,0.8174418604651162,0.5473289597000937,0.888984088127295,292,471,2109,12
0.06499999999999999,0.4104372355430183,0.9572368421052632,0.837984496124031,0.5745310957551826,0.897610669114647,291,418,2162,13
0.06999999999999999,0.4395770392749245,0.9572368421052632,0.8562015503875969,0.6024844720496895,0.90671919624643,291,371,2209,13
0.07499999999999998,0.4654895666131621,0.9539473684210527,0.8709302325581395,0.6256742179072277,0.912438800489596,290,333,2247,14
0.07999999999999999,0.48494983277591974,0.9539473684210527,0.8806201550387597,0.6430155210643016,0.9172837617299061,290,308,2272,14
0.08499999999999998,0.5043478260869565,0.9539473684210527,0.8895348837209303,0.6598407281001137,0.9217411260709915,290,285,2295,14
0.08999999999999998,0.5283363802559415,0.9506578947368421,0.9,0.6792009400705052,0.9253289473684211,289,258,2322,15
0.09499999999999999,0.5463137996219282,0.9506578947368421,0.9069767441860465,0.6938775510204082,0.9288173194614443,289,240,2340,15
0.09999999999999998,0.5589941972920697,0.9506578947368421,0.9116279069767442,0.7040194884287455,0.9311429008567932,289,228,2352,15
0.10499999999999998,0.5714285714285714,0.9473684210526315,0.9162790697674419,0.7128712871287128,0.9318237454100367,288,216,2364,16
0.10999999999999997,0.5901639344262295,0.9473684210526315,0.9224806201550387,0.7272727272727273,0.9349245206038351,288,200,2380,16
0.11499999999999998,0.6075949367088608,0.9473684210526315,0.9279069767441861,0.7403598971722365,0.9376376988984088,288,186,2394,16
0.11999999999999998,0.6180257510729614,0.9473684210526315,0.9310077519379845,0.7480519480519481,0.9391880864953079,288,178,2402,16
0.12499999999999997,0.6301969365426696,0.9473684210526315,0.9344961240310078,0.7568988173455978,0.9409322725418197,288,169,2411,16
0.12999999999999998,0.6442953020134228,0.9473684210526315,0.9383720930232559,0.7669773635153129,0.9428702570379437,288,159,2421,16
0.13499999999999998,0.6605504587155964,0.9473684210526315,0.9426356589147287,0.7783783783783784,0.94500203998368,288,148,2432,16
0.13999999999999999,0.6697674418604651,0.9473684210526315,0.9449612403100776,0.7847411444141689,0.9461648306813546,288,142,2438,16
0.145,0.6824644549763034,0.9473684210526315,0.9480620155038759,0.7933884297520661,0.9477152182782538,288,134,2446,16
0.15,0.6889952153110048,0.9473684210526315,0.9496124031007752,0.7977839335180056,0.9484904120767034,288,130,2450,16
0.155,0.7058823529411765,0.9473684210526315,0.9534883720930233,0.8089887640449439,0.9504283965728274,288,120,2460,16
0.15999999999999998,0.72,0.9473684210526315,0.9565891472868217,0.8181818181818181,0.9519787841697266,288,112,2468,16
0.16499999999999998,0.7291139240506329,0.9473684210526315,0.9585271317829457,0.8240343347639485,0.9529477764177886,288,107,2473,16
0.16999999999999998,0.7346938775510204,0.9473684210526315,0.9596899224806201,0.8275862068965517,0.9535291717666259,288,104,2476,16
0.175,0.7441860465116279,0.9473684210526315,0.9616279069767442,0.8335745296671491,0.9544981640146879,288,99,2481,16
0.18,0.7493472584856397,0.944078947368421,0.9627906976744186,0.8355167394468704,0.9534348225214198,287,96,2484,17
0.18499999999999997,0.7552631578947369,0.944078947368421,0.963953488372093,0.8391812865497076,0.954016217870257,287,93,2487,17
0.18999999999999997,0.7559681697612732,0.9375,0.9643410852713178,0.8370044052863437,0.9509205426356588,285,92,2488,19
0.19499999999999998,0.7620320855614974,0.9375,0.9655038759689922,0.8407079646017699,0.9515019379844961,285,89,2491,19
0.19999999999999998,0.7640750670241286,0.9375,0.9658914728682171,0.8419497784342689,0.9516957364341085,285,88,2492,19
0.205,0.7681940700808625,0.9375,0.9666666666666667,0.8444444444444443,0.9520833333333334,285,86,2494,19
0.20999999999999996,0.7723577235772358,0.9375,0.9674418604651163,0.8469539375928677,0.9524709302325581,285,84,2496,19
0.21499999999999997,0.776566757493188,0.9375,0.9682170542635659,0.849478390461997,0.9528585271317829,285,82,2498,19
0.21999999999999997,0.7802197802197802,0.9342105263157895,0.9689922480620154,0.8502994011976048,0.9516013871889024,284,80,2500,20
0.22499999999999998,0.7910863509749304,0.9342105263157895,0.9709302325581395,0.856711915535445,0.9525703794369644,284,75,2505,20
0.22999999999999998,0.7910863509749304,0.9342105263157895,0.9709302325581395,0.856711915535445,0.9525703794369644,284,75,2505,20
0.235,0.7910863509749304,0.9342105263157895,0.9709302325581395,0.856711915535445,0.9525703794369644,284,75,2505,20
0.23999999999999996,0.797752808988764,0.9342105263157895,0.9720930232558139,0.8606060606060606,0.9531517747858017,284,72,2508,20
0.24499999999999997,0.8022598870056498,0.9342105263157895,0.9728682170542635,0.8632218844984803,0.9535393716850264,284,70,2510,20
0.24999999999999997,0.8068181818181818,0.9342105263157895,0.9736434108527132,0.8658536585365854,0.9539269685842513,284,68,2512,20
0.25499999999999995,0.8068181818181818,0.9342105263157895,0.9736434108527132,0.8658536585365854,0.9539269685842513,284,68,2512,20
0.25999999999999995,0.8132183908045977,0.930921052631579,0.9748062015503876,0.8680981595092024,0.9528636270909833,283,65,2515,21
0.26499999999999996,0.8179190751445087,0.930921052631579,0.9755813953488373,0.8707692307692307,0.9532512239902081,283,63,2517,21
0.26999999999999996,0.8221574344023324,0.9276315789473685,0.9763565891472868,0.8717156105100464,0.9519940840473277,282,61,2519,22
0.27499999999999997,0.8221574344023324,0.9276315789473685,0.9763565891472868,0.8717156105100464,0.9519940840473277,282,61,2519,22
0.27999999999999997,0.8245614035087719,0.9276315789473685,0.9767441860465116,0.8730650154798762,0.9521878824969401,282,60,2520,22
0.285,0.8245614035087719,0.9276315789473685,0.9767441860465116,0.8730650154798762,0.9521878824969401,282,60,2520,22
0.29,0.8269794721407625,0.9276315789473685,0.9771317829457364,0.8744186046511628,0.9523816809465524,282,59,2521,22
0.295,0.8294117647058824,0.9276315789473685,0.9775193798449613,0.875776397515528,0.9525754793961649,282,58,2522,22
0.3,0.834319526627219,0.9276315789473685,0.9782945736434109,0.8785046728971962,0.9529630762953897,282,56,2524,22
0.30499999999999994,0.8388059701492537,0.9243421052631579,0.9790697674418605,0.8794992175273865,0.9517059363525091,281,54,2526,23
0.30999999999999994,0.8413173652694611,0.9243421052631579,0.9794573643410853,0.8808777429467085,0.9518997348021216,281,53,2527,23
0.31499999999999995,0.8413173652694611,0.9243421052631579,0.9794573643410853,0.8808777429467085,0.9518997348021216,281,53,2527,23
0.31999999999999995,0.8433734939759037,0.9210526315789473,0.9798449612403101,0.8805031446540881,0.9504487964096286,280,52,2528,24
0.32499999999999996,0.8536585365853658,0.9210526315789473,0.9813953488372092,0.8860759493670887,0.9512239902080784,280,48,2532,24
0.32999999999999996,0.8562691131498471,0.9210526315789473,0.9817829457364341,0.8874801901743264,0.9514177886576907,280,47,2533,24
0.33499999999999996,0.8615384615384616,0.9210526315789473,0.9825581395348837,0.890302066772655,0.9518053855569155,280,45,2535,24
0.33999999999999997,0.8641975308641975,0.9210526315789473,0.9829457364341085,0.89171974522293,0.9519991840065279,280,44,2536,24
0.345,0.871875,0.9177631578947368,0.984108527131783,0.8942307692307692,0.9509358425132599,279,41,2539,25
0.35,0.8769716088328076,0.9144736842105263,0.9848837209302326,0.895330112721417,0.9496787025703795,278,39,2541,26
0.355,0.8769716088328076,0.9144736842105263,0.9848837209302326,0.895330112721417,0.9496787025703795,278,39,2541,26
0.35999999999999993,0.8769716088328076,0.9144736842105263,0.9848837209302326,0.895330112721417,0.9496787025703795,278,39,2541,26
0.36499999999999994,0.8853503184713376,0.9144736842105263,0.986046511627907,0.8996763754045308,0.9502600979192166,278,36,2544,26
0.36999999999999994,0.8881789137380192,0.9144736842105263,0.9864341085271318,0.9011345218800648,0.950453896368829,278,35,2545,26
0.37499999999999994,0.8881789137380192,0.9144736842105263,0.9864341085271318,0.9011345218800648,0.950453896368829,278,35,2545,26
0.37999999999999995,0.8881789137380192,0.9144736842105263,0.9864341085271318,0.9011345218800648,0.950453896368829,278,35,2545,26
0.38499999999999995,0.8903225806451613,0.9078947368421053,0.9868217054263566,0.8990228013029316,0.947358221134231,276,34,2546,28
0.38999999999999996,0.8932038834951457,0.9078947368421053,0.9872093023255814,0.900489396411093,0.9475520195838434,276,33,2547,28
0.39499999999999996,0.8932038834951457,0.9078947368421053,0.9872093023255814,0.900489396411093,0.9475520195838434,276,33,2547,28
0.39999999999999997,0.8990228013029316,0.9078947368421053,0.987984496124031,0.9034369885433715,0.9479396164830682,276,31,2549,28
0.40499999999999997,0.8990228013029316,0.9078947368421053,0.987984496124031,0.9034369885433715,0.9479396164830682,276,31,2549,28
0.4099999999999999,0.8990228013029316,0.9078947368421053,0.987984496124031,0.9034369885433715,0.9479396164830682,276,31,2549,28
0.4149999999999999,0.8990228013029316,0.9078947368421053,0.987984496124031,0.9034369885433715,0.9479396164830682,276,31,2549,28
0.41999999999999993,0.9019607843137255,0.9078947368421053,0.9883720930232558,0.9049180327868853,0.9481334149326806,276,30,2550,28
0.42499999999999993,0.9019607843137255,0.9078947368421053,0.9883720930232558,0.9049180327868853,0.9481334149326806,276,30,2550,28
0.42999999999999994,0.9078947368421053,0.9078947368421053,0.9891472868217054,0.9078947368421053,0.9485210118319054,276,28,2552,28
0.43499999999999994,0.9108910891089109,0.9078947368421053,0.9895348837209302,0.9093904448105438,0.9487148102815177,276,27,2553,28
0.43999999999999995,0.9108910891089109,0.9078947368421053,0.9895348837209302,0.9093904448105438,0.9487148102815177,276,27,2553,28
0.44499999999999995,0.9108910891089109,0.9078947368421053,0.9895348837209302,0.9093904448105438,0.9487148102815177,276,27,2553,28
0.44999999999999996,0.9108910891089109,0.9078947368421053,0.9895348837209302,0.9093904448105438,0.9487148102815177,276,27,2553,28
0.45499999999999996,0.9108910891089109,0.9078947368421053,0.9895348837209302,0.9093904448105438,0.9487148102815177,276,27,2553,28
0.45999999999999996,0.9139072847682119,0.9078947368421053,0.9899224806201551,0.9108910891089109,0.9489086087311303,276,26,2554,28
0.4649999999999999,0.9169435215946844,0.9078947368421053,0.9903100775193798,0.912396694214876,0.9491024071807426,276,25,2555,28
0.4699999999999999,0.9169435215946844,0.9078947368421053,0.9903100775193798,0.912396694214876,0.9491024071807426,276,25,2555,28
0.4749999999999999,0.9169435215946844,0.9078947368421053,0.9903100775193798,0.912396694214876,0.9491024071807426,276,25,2555,28
0.4799999999999999,0.92,0.9078947368421053,0.9906976744186047,0.913907284768212,0.949296205630355,276,24,2556,28
0.48499999999999993,0.92,0.9078947368421053,0.9906976744186047,0.913907284768212,0.949296205630355,276,24,2556,28
0.48999999999999994,0.92,0.9078947368421053,0.9906976744186047,0.913907284768212,0.949296205630355,276,24,2556,28
0.49499999999999994,0.92,0.9078947368421053,0.9906976744186047,0.913907284768212,0.949296205630355,276,24,2556,28
0.49999999999999994,0.92,0.9078947368421053,0.9906976744186047,0.913907284768212,0.949296205630355,276,24,2556,28
0.5049999999999999,0.92,0.9078947368421053,0.9906976744186047,0.913907284768212,0.949296205630355,276,24,2556,28
0.5099999999999999,0.9230769230769231,0.9078947368421053,0.9910852713178294,0.9154228855721394,0.9494900040799674,276,23,2557,28
0.5149999999999999,0.9230769230769231,0.9078947368421053,0.9910852713178294,0.9154228855721394,0.9494900040799674,276,23,2557,28
0.5199999999999999,0.9261744966442953,0.9078947368421053,0.9914728682170543,0.9169435215946845,0.9496838025295797,276,22,2558,28
0.5249999999999999,0.9292929292929293,0.9078947368421053,0.9918604651162791,0.9184692179700499,0.9498776009791923,276,21,2559,28
0.5299999999999999,0.9292929292929293,0.9078947368421053,0.9918604651162791,0.9184692179700499,0.9498776009791923,276,21,2559,28
0.5349999999999999,0.9292929292929293,0.9078947368421053,0.9918604651162791,0.9184692179700499,0.9498776009791923,276,21,2559,28
0.5399999999999999,0.9292929292929293,0.9078947368421053,0.9918604651162791,0.9184692179700499,0.9498776009791923,276,21,2559,28
0.5449999999999999,0.9292929292929293,0.9078947368421053,0.9918604651162791,0.9184692179700499,0.9498776009791923,276,21,2559,28
0.5499999999999999,0.9290540540540541,0.9046052631578947,0.9918604651162791,0.9166666666666667,0.948232864137087,275,21,2559,29
0.5549999999999999,0.9290540540540541,0.9046052631578947,0.9918604651162791,0.9166666666666667,0.948232864137087,275,21,2559,29
0.5599999999999999,0.9290540540540541,0.9046052631578947,0.9918604651162791,0.9166666666666667,0.948232864137087,275,21,2559,29
0.565,0.9288135593220339,0.9013157894736842,0.9918604651162791,0.9148580968280469,0.9465881272949817,274,21,2559,30
0.57,0.9288135593220339,0.9013157894736842,0.9918604651162791,0.9148580968280469,0.9465881272949817,274,21,2559,30
0.575,0.9319727891156463,0.9013157894736842,0.9922480620155039,0.9163879598662207,0.946781925744594,274,20,2560,30
0.58,0.9383561643835616,0.9013157894736842,0.9930232558139535,0.9194630872483222,0.9471695226438188,274,18,2562,30
0.585,0.9383561643835616,0.9013157894736842,0.9930232558139535,0.9194630872483222,0.9471695226438188,274,18,2562,30
0.59,0.9383561643835616,0.9013157894736842,0.9930232558139535,0.9194630872483222,0.9471695226438188,274,18,2562,30
0.595,0.9383561643835616,0.9013157894736842,0.9930232558139535,0.9194630872483222,0.9471695226438188,274,18,2562,30
0.5999999999999999,0.9383561643835616,0.9013157894736842,0.9930232558139535,0.9194630872483222,0.9471695226438188,274,18,2562,30
0.6049999999999999,0.9415807560137457,0.9013157894736842,0.9934108527131783,0.9210084033613445,0.9473633210934312,274,17,2563,30
0.6099999999999999,0.9413793103448276,0.8980263157894737,0.9934108527131783,0.9191919191919192,0.945718584251326,273,17,2563,31
0.6149999999999999,0.9413793103448276,0.8980263157894737,0.9934108527131783,0.9191919191919192,0.945718584251326,273,17,2563,31
0.6199999999999999,0.9413793103448276,0.8980263157894737,0.9934108527131783,0.9191919191919192,0.945718584251326,273,17,2563,31
0.6249999999999999,0.9413793103448276,0.8980263157894737,0.9934108527131783,0.9191919191919192,0.945718584251326,273,17,2563,31
0.6299999999999999,0.9413793103448276,0.8980263157894737,0.9934108527131783,0.9191919191919192,0.945718584251326,273,17,2563,31
0.6349999999999999,0.9413793103448276,0.8980263157894737,0.9934108527131783,0.9191919191919192,0.945718584251326,273,17,2563,31
0.6399999999999999,0.9413793103448276,0.8980263157894737,0.9934108527131783,0.9191919191919192,0.945718584251326,273,17,2563,31
0.6449999999999999,0.9413793103448276,0.8980263157894737,0.9934108527131783,0.9191919191919192,0.945718584251326,273,17,2563,31
0.6499999999999999,0.9413793103448276,0.8980263157894737,0.9934108527131783,0.9191919191919192,0.945718584251326,273,17,2563,31
0.6549999999999999,0.9413793103448276,0.8980263157894737,0.9934108527131783,0.9191919191919192,0.945718584251326,273,17,2563,31
0.6599999999999999,0.9413793103448276,0.8980263157894737,0.9934108527131783,0.9191919191919192,0.945718584251326,273,17,2563,31
0.6649999999999999,0.9446366782006921,0.8980263157894737,0.993798449612403,0.9207419898819562,0.9459123827009384,273,16,2564,31
0.6699999999999999,0.9446366782006921,0.8980263157894737,0.993798449612403,0.9207419898819562,0.9459123827009384,273,16,2564,31
0.6749999999999999,0.9446366782006921,0.8980263157894737,0.993798449612403,0.9207419898819562,0.9459123827009384,273,16,2564,31
0.6799999999999999,0.9479166666666666,0.8980263157894737,0.9941860465116279,0.9222972972972971,0.9461061811505508,273,15,2565,31
0.6849999999999999,0.9545454545454546,0.8980263157894737,0.9949612403100775,0.9254237288135594,0.9464937780497755,273,13,2567,31
0.69,0.9577464788732394,0.8947368421052632,0.9953488372093023,0.9251700680272109,0.9450428396572828,272,12,2568,32
0.695,0.9577464788732394,0.8947368421052632,0.9953488372093023,0.9251700680272109,0.9450428396572828,272,12,2568,32
0.7,0.9577464788732394,0.8947368421052632,0.9953488372093023,0.9251700680272109,0.9450428396572828,272,12,2568,32
0.7049999999999998,0.9577464788732394,0.8947368421052632,0.9953488372093023,0.9251700680272109,0.9450428396572828,272,12,2568,32
0.7099999999999999,0.9611307420494699,0.8947368421052632,0.9957364341085271,0.9267461669505963,0.9452366381068951,272,11,2569,32
0.7149999999999999,0.9645390070921985,0.8947368421052632,0.9961240310077519,0.9283276450511945,0.9454304365565076,272,10,2570,32
0.7199999999999999,0.9645390070921985,0.8947368421052632,0.9961240310077519,0.9283276450511945,0.9454304365565076,272,10,2570,32
0.7249999999999999,0.9645390070921985,0.8947368421052632,0.9961240310077519,0.9283276450511945,0.9454304365565076,272,10,2570,32
0.7299999999999999,0.9645390070921985,0.8947368421052632,0.9961240310077519,0.9283276450511945,0.9454304365565076,272,10,2570,32
0.7349999999999999,0.9644128113879004,0.8914473684210527,0.9961240310077519,0.9264957264957266,0.9437856997144023,271,10,2570,33
0.7399999999999999,0.9644128113879004,0.8914473684210527,0.9961240310077519,0.9264957264957266,0.9437856997144023,271,10,2570,33
0.7449999999999999,0.9642857142857143,0.8881578947368421,0.9961240310077519,0.9246575342465754,0.942140962872297,270,10,2570,34
0.7499999999999999,0.96415770609319,0.8848684210526315,0.9961240310077519,0.9228130360205832,0.9404962260301917,269,10,2570,35
0.7549999999999999,0.96415770609319,0.8848684210526315,0.9961240310077519,0.9228130360205832,0.9404962260301917,269,10,2570,35
0.7599999999999999,0.96415770609319,0.8848684210526315,0.9961240310077519,0.9228130360205832,0.9404962260301917,269,10,2570,35
0.7649999999999999,0.96415770609319,0.8848684210526315,0.9961240310077519,0.9228130360205832,0.9404962260301917,269,10,2570,35
0.7699999999999999,0.96415770609319,0.8848684210526315,0.9961240310077519,0.9228130360205832,0.9404962260301917,269,10,2570,35
0.7749999999999999,0.9675090252707581,0.881578947368421,0.9965116279069768,0.9225473321858865,0.9390452876376989,268,9,2571,36
0.7799999999999999,0.9675090252707581,0.881578947368421,0.9965116279069768,0.9225473321858865,0.9390452876376989,268,9,2571,36
0.7849999999999999,0.9675090252707581,0.881578947368421,0.9965116279069768,0.9225473321858865,0.9390452876376989,268,9,2571,36
0.7899999999999999,0.967391304347826,0.8782894736842105,0.9965116279069768,0.9206896551724139,0.9374005507955936,267,9,2571,37
0.7949999999999999,0.9709090909090909,0.8782894736842105,0.9968992248062015,0.922279792746114,0.937594349245206,267,8,2572,37
0.7999999999999999,0.9709090909090909,0.8782894736842105,0.9968992248062015,0.922279792746114,0.937594349245206,267,8,2572,37
0.8049999999999999,0.9708029197080292,0.875,0.9968992248062015,0.9204152249134948,0.9359496124031008,266,8,2572,38
0.8099999999999998,0.9743589743589743,0.875,0.9972868217054264,0.9220103986135181,0.9361434108527131,266,7,2573,38
0.8149999999999998,0.981549815498155,0.875,0.998062015503876,0.9252173913043478,0.936531007751938,266,5,2575,38
0.8199999999999998,0.981549815498155,0.875,0.998062015503876,0.9252173913043478,0.936531007751938,266,5,2575,38
0.8249999999999998,0.981549815498155,0.875,0.998062015503876,0.9252173913043478,0.936531007751938,266,5,2575,38
0.8299999999999998,0.9814814814814815,0.8717105263157895,0.998062015503876,0.9233449477351916,0.9348862709098327,265,5,2575,39
0.8349999999999999,0.9813432835820896,0.8651315789473685,0.998062015503876,0.9195804195804197,0.9315967972256223,263,5,2575,41
0.8399999999999999,0.9813432835820896,0.8651315789473685,0.998062015503876,0.9195804195804197,0.9315967972256223,263,5,2575,41
0.8449999999999999,0.9813432835820896,0.8651315789473685,0.998062015503876,0.9195804195804197,0.9315967972256223,263,5,2575,41
0.8499999999999999,0.9886792452830189,0.8618421052631579,0.9988372093023256,0.9209138840070299,0.9303396572827417,262,3,2577,42
0.8549999999999999,0.9886792452830189,0.8618421052631579,0.9988372093023256,0.9209138840070299,0.9303396572827417,262,3,2577,42
0.8599999999999999,0.9886792452830189,0.8618421052631579,0.9988372093023256,0.9209138840070299,0.9303396572827417,262,3,2577,42
0.8649999999999999,0.9886792452830189,0.8618421052631579,0.9988372093023256,0.9209138840070299,0.9303396572827417,262,3,2577,42
0.8699999999999999,0.9886792452830189,0.8618421052631579,0.9988372093023256,0.9209138840070299,0.9303396572827417,262,3,2577,42
0.8749999999999999,0.9886792452830189,0.8618421052631579,0.9988372093023256,0.9209138840070299,0.9303396572827417,262,3,2577,42
0.8799999999999999,0.9886363636363636,0.8585526315789473,0.9988372093023256,0.9190140845070423,0.9286949204406365,261,3,2577,43
0.8849999999999999,0.9886363636363636,0.8585526315789473,0.9988372093023256,0.9190140845070423,0.9286949204406365,261,3,2577,43
0.8899999999999999,0.9885931558935361,0.8552631578947368,0.9988372093023256,0.9171075837742505,0.9270501835985312,260,3,2577,44
0.8949999999999999,0.9885931558935361,0.8552631578947368,0.9988372093023256,0.9171075837742505,0.9270501835985312,260,3,2577,44
0.8999999999999999,0.9885057471264368,0.8486842105263158,0.9988372093023256,0.9132743362831859,0.9237607099143207,258,3,2577,46
0.9049999999999999,0.9885057471264368,0.8486842105263158,0.9988372093023256,0.9132743362831859,0.9237607099143207,258,3,2577,46
0.9099999999999999,0.9885057471264368,0.8486842105263158,0.9988372093023256,0.9132743362831859,0.9237607099143207,258,3,2577,46
0.9149999999999999,0.9885057471264368,0.8486842105263158,0.9988372093023256,0.9132743362831859,0.9237607099143207,258,3,2577,46
0.9199999999999998,0.9884615384615385,0.8453947368421053,0.9988372093023256,0.9113475177304965,0.9221159730722155,257,3,2577,47
0.9249999999999998,0.9884615384615385,0.8453947368421053,0.9988372093023256,0.9113475177304965,0.9221159730722155,257,3,2577,47
0.9299999999999998,0.9884169884169884,0.8421052631578947,0.9988372093023256,0.9094138543516874,0.9204712362301102,256,3,2577,48
0.9349999999999998,0.9884169884169884,0.8421052631578947,0.9988372093023256,0.9094138543516874,0.9204712362301102,256,3,2577,48
0.9399999999999998,0.9922178988326849,0.8388157894736842,0.9992248062015504,0.9090909090909091,0.9190202978376173,255,2,2578,49
0.9449999999999998,0.9960629921259843,0.8322368421052632,0.9996124031007751,0.9068100358422939,0.9159246226030191,253,1,2579,51
0.9499999999999998,0.9960159362549801,0.8223684210526315,0.9996124031007751,0.900900900900901,0.9109904120767034,250,1,2579,54
0.9549999999999998,0.9959349593495935,0.805921052631579,0.9996124031007751,0.890909090909091,0.9027667278661771,245,1,2579,59
0.9599999999999999,0.9958677685950413,0.7927631578947368,0.9996124031007751,0.8827838827838828,0.896187780497756,241,1,2579,63
0.9649999999999999,0.99581589958159,0.7828947368421053,0.9996124031007751,0.8766114180478822,0.8912535699714402,238,1,2579,66
0.9699999999999999,0.9956896551724138,0.7598684210526315,0.9996124031007751,0.8619402985074626,0.8797404120767034,231,1,2579,73
0.9749999999999999,0.9954954954954955,0.7269736842105263,0.9996124031007751,0.8403041825095057,0.8632930436556507,221,1,2579,83
0.9799999999999999,0.9953488372093023,0.7039473684210527,0.9996124031007751,0.8246628131021195,0.8517798857609139,214,1,2579,90
0.9849999999999999,0.9948717948717949,0.6381578947368421,0.9996124031007751,0.777555110220441,0.8188851489188087,194,1,2579,110
0.9899999999999999,0.9939759036144579,0.5427631578947368,0.9996124031007751,0.702127659574468,0.771187780497756,165,1,2579,139
